import_country,export_country,trade,trade_prime,dist1,dist2,dist3,dist4,dist5,dist6,border,common_language,both_in_EU,both_in_EFTA,distance
1,1,0.0,0.0,0.0,1.0,0.0,0.0,0.0,0.0,0.0,0.0,0.0,0.0,1179.0
1,2,-4.072313487655581,-4.072313487655581,0.0,0.0,0.0,0.0,0.0,1.0,0.0,0.0,0.0,0.0,11883.0
1,3,-5.047179320548146,-5.047179320548146,0.0,0.0,0.0,0.0,0.0,1.0,0.0,0.0,0.0,0.0,6402.0
1,4,-5.208378470788961,-5.208378470788961,0.0,0.0,0.0,0.0,0.0,1.0,0.0,0.0,0.0,0.0,10872.0
1,5,-5.766238479094524,-5.766238479094524,0.0,0.0,0.0,0.0,0.0,1.0,0.0,1.0,0.0,0.0,11771.0
1,6,-5.954429052963542,-5.954429052963542,0.0,0.0,0.0,0.0,0.0,1.0,0.0,1.0,0.0,0.0,5585.0
1,7,-6.285691793563077,-6.285691793563077,0.0,0.0,0.0,0.0,0.0,1.0,0.0,0.0,0.0,0.0,5852.0
1,8,-5.926684621623529,-5.926684621623529,0.0,0.0,0.0,0.0,0.0,1.0,0.0,0.0,0.0,0.0,6907.0
1,9,-6.629933030317527,-6.629933030317527,0.0,0.0,0.0,0.0,0.0,1.0,0.0,0.0,0.0,0.0,7658.0
1,10,-4.127009239486266,-4.127009239486266,0.0,0.0,1.0,0.0,0.0,0.0,1.0,1.0,0.0,0.0,556.0
1,11,-4.030804653208569,-4.030804653208569,0.0,0.0,0.0,1.0,0.0,0.0,1.0,0.0,0.0,0.0,3359.0
1,12,-7.569469089030696,-7.569469089030696,0.0,0.0,0.0,0.0,0.0,1.0,0.0,1.0,0.0,0.0,16672.0
1,13,-5.390262672723392,-5.390262672723392,0.0,0.0,0.0,0.0,0.0,1.0,0.0,0.0,0.0,0.0,11077.0
1,14,-7.081948419438591,-7.081948419438591,0.0,0.0,0.0,0.0,0.0,1.0,0.0,0.0,0.0,0.0,5782.0
1,15,-6.883063635585267,-6.883063635585267,0.0,0.0,0.0,0.0,0.0,1.0,0.0,0.0,0.0,0.0,16181.0
1,16,-6.915391803621197,-6.915391803621197,0.0,0.0,0.0,0.0,0.0,1.0,0.0,0.0,0.0,0.0,5877.0
1,17,-7.453767809931375,-7.453767809931375,0.0,0.0,0.0,0.0,0.0,1.0,0.0,0.0,0.0,0.0,8087.0
1,18,-7.348140789525269,-7.348140789525269,0.0,0.0,0.0,0.0,0.0,1.0,0.0,0.0,0.0,0.0,10532.0
1,19,-6.34920361779365,-6.34920361779365,0.0,0.0,0.0,0.0,0.0,1.0,0.0,0.0,0.0,0.0,6339.0
1,20,-7.594742973823405,-7.594742973823405,0.0,0.0,0.0,0.0,0.0,1.0,0.0,0.0,0.0,0.0,6872.0
2,1,-4.616195724058388,-4.616195724058388,0.0,0.0,0.0,0.0,0.0,1.0,0.0,0.0,0.0,0.0,11883.0
2,2,0.0,0.0,0.0,1.0,0.0,0.0,0.0,0.0,0.0,0.0,0.0,0.0,1163.0
2,3,-4.974066691172361,-4.974066691172361,0.0,0.0,0.0,0.0,0.0,1.0,0.0,0.0,0.0,0.0,8415.0
2,4,-4.775309241845102,-4.775309241845102,0.0,0.0,0.0,1.0,0.0,0.0,0.0,0.0,0.0,0.0,1763.0
2,5,-6.758901658625256,-6.758901658625256,0.0,0.0,0.0,0.0,1.0,0.0,1.0,0.0,0.0,0.0,4252.0
2,6,-6.05792633308677,-6.05792633308677,0.0,0.0,0.0,0.0,0.0,1.0,0.0,0.0,0.0,0.0,9217.0
2,7,-6.288607637595683,-6.288607637595683,0.0,0.0,0.0,0.0,0.0,1.0,0.0,0.0,0.0,0.0,9284.0
2,8,-6.557025804367266,-6.557025804367266,0.0,0.0,0.0,0.0,0.0,1.0,0.0,0.0,0.0,0.0,9138.0
2,9,-4.945235908350071,-4.945235908350071,0.0,0.0,0.0,0.0,0.0,1.0,0.0,0.0,0.0,0.0,18570.0
2,10,-6.275178529208869,-6.275178529208869,0.0,0.0,0.0,0.0,0.0,1.0,0.0,0.0,0.0,0.0,11441.0
2,11,-6.9964783420009775,-6.9964783420009775,0.0,0.0,0.0,0.0,0.0,1.0,0.0,0.0,0.0,0.0,12928.0
2,12,-4.660940869308814,-4.660940869308814,0.0,0.0,0.0,0.0,0.0,1.0,0.0,0.0,0.0,0.0,8024.0
2,13,-4.509953324206101,-4.509953324206101,0.0,0.0,1.0,0.0,0.0,0.0,0.0,0.0,0.0,0.0,867.0
2,14,-7.4636439242257,-7.4636439242257,0.0,0.0,0.0,0.0,0.0,1.0,0.0,0.0,0.0,0.0,10277.0
2,15,-5.375968499073261,-5.375968499073261,0.0,0.0,0.0,0.0,1.0,0.0,0.0,0.0,0.0,0.0,4425.0
2,16,-6.684164372631788,-6.684164372631788,0.0,0.0,0.0,0.0,0.0,1.0,0.0,0.0,0.0,0.0,8894.0
2,17,-8.321658844832813,-8.321658844832813,0.0,0.0,0.0,0.0,0.0,1.0,0.0,0.0,0.0,0.0,8004.0
2,18,-5.440500694803663,-5.440500694803663,0.0,0.0,0.0,0.0,0.0,1.0,0.0,0.0,0.0,0.0,7253.0
2,19,-5.778387337349353,-5.778387337349353,0.0,0.0,0.0,0.0,0.0,1.0,0.0,0.0,0.0,0.0,9034.0
2,20,-8.015257625044024,-8.015257625044024,0.0,0.0,0.0,0.0,0.0,1.0,0.0,0.0,0.0,0.0,7985.0
3,1,-3.583205535443224,-3.5832055354432235,0.0,0.0,0.0,0.0,0.0,1.0,0.0,0.0,0.0,0.0,6402.0
3,2,-3.0296702345226163,-3.0296702345226163,0.0,0.0,0.0,0.0,0.0,1.0,0.0,0.0,0.0,0.0,8415.0
3,3,0.0,0.0,1.0,0.0,0.0,0.0,0.0,0.0,0.0,0.0,1.0,1.0,225.0
3,4,-4.8913876375301415,-4.8913876375301415,0.0,0.0,0.0,0.0,0.0,1.0,0.0,0.0,0.0,0.0,8938.0
3,5,-5.415091529636145,-5.415091529636145,0.0,0.0,0.0,0.0,0.0,1.0,0.0,0.0,0.0,0.0,5786.0
3,6,-4.326879979660027,-4.326879979660027,0.0,0.0,1.0,0.0,0.0,0.0,0.0,0.0,0.0,1.0,935.0
3,7,-3.615451515401303,-3.615451515401303,0.0,1.0,0.0,0.0,0.0,0.0,1.0,0.0,1.0,1.0,881.0
3,8,-3.621809582738478,-3.6218095827384778,0.0,0.0,1.0,0.0,0.0,0.0,0.0,0.0,1.0,1.0,1184.0
3,9,-6.138206652144175,-6.138206652144175,0.0,0.0,0.0,0.0,0.0,1.0,0.0,0.0,0.0,0.0,10232.0
3,10,-6.4192994134939045,-6.4192994134939045,0.0,0.0,0.0,0.0,0.0,1.0,0.0,0.0,0.0,0.0,6493.0
3,11,-5.614238135843317,-5.614238135843317,0.0,0.0,0.0,0.0,0.0,1.0,0.0,0.0,0.0,0.0,9743.0
3,12,-6.422989807422501,-6.422989807422501,0.0,0.0,0.0,0.0,0.0,1.0,0.0,0.0,0.0,0.0,15965.0
3,13,-5.353723138779936,-5.353723138779936,0.0,0.0,0.0,0.0,0.0,1.0,0.0,0.0,0.0,0.0,8147.0
3,14,-4.243625233096069,-4.243625233096069,0.0,0.0,1.0,0.0,0.0,0.0,0.0,0.0,1.0,1.0,1872.0
3,15,-6.685473610627051,-6.685473610627051,0.0,0.0,0.0,0.0,0.0,1.0,0.0,0.0,0.0,0.0,10785.0
3,16,-3.301032380828713,-3.3010323808287128,1.0,0.0,0.0,0.0,0.0,0.0,1.0,0.0,1.0,1.0,579.0
3,17,-4.922361544367614,-4.922361544367614,0.0,0.0,0.0,1.0,0.0,0.0,0.0,0.0,0.0,0.0,1738.0
3,18,-7.005073447064508,-7.005073447064508,0.0,0.0,0.0,0.0,1.0,0.0,0.0,0.0,0.0,0.0,4169.0
3,19,-4.06221212093493,-4.06221212093493,0.0,1.0,0.0,0.0,0.0,0.0,1.0,1.0,0.0,0.0,674.0
3,20,-3.606734127027001,-3.606734127027001,0.0,1.0,0.0,0.0,0.0,0.0,1.0,0.0,1.0,1.0,518.0
4,1,-3.832509478047135,-3.832509478047136,0.0,0.0,0.0,0.0,0.0,1.0,0.0,0.0,0.0,0.0,10872.0
4,2,-3.049306519276205,-3.049306519276205,0.0,0.0,0.0,1.0,0.0,0.0,0.0,0.0,0.0,0.0,1763.0
4,3,-5.07124155705424,-5.07124155705424,0.0,0.0,0.0,0.0,0.0,1.0,0.0,0.0,0.0,0.0,8938.0
4,4,0.0,0.0,1.0,0.0,0.0,0.0,0.0,0.0,0.0,0.0,0.0,0.0,231.0
4,5,-6.461290566185372,-6.461290566185372,0.0,0.0,0.0,0.0,1.0,0.0,0.0,0.0,0.0,0.0,5846.0
4,6,-6.218888583960359,-6.218888583960359,0.0,0.0,0.0,0.0,0.0,1.0,0.0,0.0,0.0,0.0,9582.0
4,7,-6.065844605770965,-6.065844605770965,0.0,0.0,0.0,0.0,0.0,1.0,0.0,0.0,0.0,0.0,9736.0
4,8,-5.908598872110446,-5.908598872110446,0.0,0.0,0.0,0.0,0.0,1.0,0.0,0.0,0.0,0.0,9878.0
4,9,-6.249399128846758,-6.249399128846758,0.0,0.0,0.0,0.0,0.0,1.0,0.0,0.0,0.0,0.0,18530.0
4,10,-5.6286137491985215,-5.6286137491985215,0.0,0.0,0.0,0.0,0.0,1.0,0.0,0.0,0.0,0.0,10367.0
4,11,-6.625921153124219,-6.625921153124219,0.0,0.0,0.0,0.0,0.0,1.0,0.0,0.0,0.0,0.0,11324.0
4,12,-4.003048009576244,-4.003048009576244,0.0,0.0,0.0,0.0,0.0,1.0,0.0,0.0,0.0,0.0,8156.0
4,13,-4.809786267397442,-4.809786267397442,0.0,0.0,1.0,0.0,0.0,0.0,0.0,0.0,0.0,0.0,1155.0
4,14,-6.80263081095222,-6.80263081095222,0.0,0.0,0.0,0.0,0.0,1.0,0.0,0.0,0.0,0.0,10786.0
4,15,-5.0275661387306805,-5.0275661387306805,0.0,0.0,0.0,0.0,1.0,0.0,0.0,0.0,0.0,0.0,5772.0
4,16,-6.59328421378182,-6.59328421378182,0.0,0.0,0.0,0.0,0.0,1.0,0.0,0.0,0.0,0.0,9311.0
4,17,-8.461260576162294,-8.461260576162294,0.0,0.0,0.0,0.0,0.0,1.0,0.0,0.0,0.0,0.0,8967.0
4,18,-4.611784459471411,-4.611784459471411,0.0,0.0,0.0,0.0,0.0,1.0,0.0,0.0,0.0,0.0,8706.0
4,19,-6.038085467374192,-6.038085467374192,0.0,0.0,0.0,0.0,0.0,1.0,0.0,0.0,0.0,0.0,9605.0
4,20,-8.175854520584899,-8.175854520584899,0.0,0.0,0.0,0.0,0.0,1.0,0.0,0.0,0.0,0.0,8600.0
5,1,-4.31954805830417,-4.31954805830417,0.0,0.0,0.0,0.0,0.0,1.0,0.0,1.0,0.0,0.0,11771.0
5,2,-3.26796373444915,-3.26796373444915,0.0,0.0,0.0,0.0,1.0,0.0,1.0,0.0,0.0,0.0,4252.0
5,3,-5.168919154995042,-5.168919154995043,0.0,0.0,0.0,0.0,0.0,1.0,0.0,0.0,0.0,0.0,5786.0
5,4,-5.166740527696795,-5.166740527696796,0.0,0.0,0.0,0.0,1.0,0.0,0.0,0.0,0.0,0.0,5846.0
5,5,0.0,0.0,0.0,1.0,0.0,0.0,0.0,0.0,0.0,0.0,0.0,0.0,682.0
5,6,-6.129670107805556,-6.129670107805556,0.0,0.0,0.0,0.0,0.0,1.0,0.0,1.0,0.0,0.0,6720.0
5,7,-6.106206989752963,-6.106206989752964,0.0,0.0,0.0,0.0,0.0,1.0,0.0,0.0,0.0,0.0,6596.0
5,8,-6.214905380880318,-6.214905380880319,0.0,0.0,0.0,0.0,0.0,1.0,0.0,0.0,0.0,0.0,5927.0
5,9,-6.481177334257932,-6.481177334257932,0.0,0.0,0.0,0.0,0.0,1.0,0.0,0.0,0.0,0.0,14435.0
5,10,-6.117471158114848,-6.117471158114849,0.0,0.0,0.0,0.0,0.0,1.0,0.0,1.0,0.0,0.0,11646.0
5,11,-6.655960106451135,-6.655960106451135,0.0,0.0,0.0,0.0,0.0,1.0,0.0,0.0,0.0,0.0,14668.0
5,12,-5.032379203263639,-5.032379203263639,0.0,0.0,0.0,0.0,0.0,1.0,0.0,1.0,0.0,0.0,10192.0
5,13,-5.082300230620337,-5.082300230620337,0.0,0.0,0.0,0.0,1.0,0.0,0.0,0.0,0.0,0.0,4692.0
5,14,-6.995337875524769,-6.99533787552477,0.0,0.0,0.0,0.0,0.0,1.0,0.0,0.0,0.0,0.0,7286.0
5,15,-4.919103808426163,-4.919103808426163,0.0,0.0,0.0,0.0,1.0,0.0,0.0,0.0,0.0,0.0,4999.0
5,16,-7.106501474126351,-7.106501474126352,0.0,0.0,0.0,0.0,0.0,1.0,0.0,0.0,0.0,0.0,6366.0
5,17,-6.917778019805226,-6.917778019805226,0.0,0.0,0.0,0.0,1.0,0.0,0.0,0.0,0.0,0.0,4559.0
5,18,-4.508156877943974,-4.508156877943975,0.0,0.0,0.0,0.0,1.0,0.0,0.0,0.0,0.0,0.0,3060.0
5,19,-5.200982770698063,-5.200982770698063,0.0,0.0,0.0,0.0,0.0,1.0,0.0,0.0,0.0,0.0,6166.0
5,20,-7.546650940059334,-7.546650940059335,0.0,0.0,0.0,0.0,0.0,1.0,0.0,0.0,0.0,0.0,5268.0
6,1,-3.7480241231518354,-3.7480241231518354,0.0,0.0,0.0,0.0,0.0,1.0,0.0,1.0,0.0,0.0,5585.0
6,2,-3.416861097769978,-3.416861097769978,0.0,0.0,0.0,0.0,0.0,1.0,0.0,0.0,0.0,0.0,9217.0
6,3,-3.664039156430026,-3.664039156430026,0.0,0.0,1.0,0.0,0.0,0.0,0.0,0.0,0.0,1.0,935.0
6,4,-5.31135869193815,-5.31135869193815,0.0,0.0,0.0,0.0,0.0,1.0,0.0,0.0,0.0,0.0,9582.0
6,5,-5.356712705454926,-5.356712705454926,0.0,0.0,0.0,0.0,0.0,1.0,0.0,1.0,0.0,0.0,6720.0
6,6,0.0,0.0,1.0,0.0,0.0,0.0,0.0,0.0,0.0,0.0,0.0,1.0,186.0
6,7,-4.320290181338089,-4.320290181338089,0.0,1.0,0.0,0.0,0.0,0.0,0.0,0.0,0.0,1.0,344.0
6,8,-4.641011618584054,-4.641011618584054,0.0,0.0,1.0,0.0,0.0,0.0,0.0,0.0,0.0,1.0,1435.0
6,9,-6.461033771406233,-6.461033771406233,0.0,0.0,0.0,0.0,0.0,1.0,0.0,0.0,0.0,0.0,9473.0
6,10,-5.55203746104689,-5.55203746104689,0.0,0.0,0.0,0.0,1.0,0.0,0.0,1.0,0.0,0.0,5728.0
6,11,-6.29328117779511,-6.29328117779511,0.0,0.0,0.0,0.0,0.0,1.0,0.0,0.0,0.0,0.0,8943.0
6,12,-6.4747444584864615,-6.4747444584864615,0.0,0.0,0.0,0.0,0.0,1.0,0.0,1.0,0.0,0.0,16898.0
6,13,-5.91625018119759,-5.91625018119759,0.0,0.0,0.0,0.0,0.0,1.0,0.0,0.0,0.0,0.0,8880.0
6,14,-4.738374108923588,-4.738374108923588,0.0,0.0,1.0,0.0,0.0,0.0,0.0,0.0,0.0,1.0,1263.0
6,15,-6.94801932099045,-6.94801932099045,0.0,0.0,0.0,0.0,0.0,1.0,0.0,0.0,0.0,0.0,11719.0
6,16,-4.633578903847705,-4.633578903847705,0.0,1.0,0.0,0.0,0.0,0.0,0.0,0.0,0.0,1.0,358.0
6,17,-5.3774383006398105,-5.3774383006398105,0.0,0.0,0.0,1.0,0.0,0.0,0.0,0.0,0.0,0.0,2504.0
6,18,-6.763887777515423,-6.763887777515423,0.0,0.0,0.0,0.0,1.0,0.0,0.0,0.0,0.0,0.0,4947.0
6,19,-5.618104635342712,-5.618104635342712,0.0,0.0,1.0,0.0,0.0,0.0,0.0,0.0,0.0,0.0,777.0
6,20,-5.042056535831556,-5.042056535831556,0.0,0.0,1.0,0.0,0.0,0.0,0.0,0.0,0.0,1.0,1453.0
7,1,-4.164314218753254,-4.164314218753254,0.0,0.0,0.0,0.0,0.0,1.0,0.0,0.0,0.0,0.0,5852.0
7,2,-3.9892821216263177,-3.989282121626318,0.0,0.0,0.0,0.0,0.0,1.0,0.0,0.0,0.0,0.0,9284.0
7,3,-3.0020854900062464,-3.0020854900062464,0.0,1.0,0.0,0.0,0.0,0.0,1.0,0.0,1.0,1.0,881.0
7,4,-6.049351107565196,-6.049351107565196,0.0,0.0,0.0,0.0,0.0,1.0,0.0,0.0,0.0,0.0,9736.0
7,5,-5.745889375458334,-5.745889375458334,0.0,0.0,0.0,0.0,0.0,1.0,0.0,0.0,0.0,0.0,6596.0
7,6,-4.470160254447751,-4.470160254447751,0.0,1.0,0.0,0.0,0.0,0.0,0.0,0.0,0.0,1.0,344.0
7,7,0.0,0.0,1.0,0.0,0.0,0.0,0.0,0.0,0.0,0.0,1.0,1.0,279.0
7,8,-3.624631986723769,-3.624631986723769,0.0,1.0,0.0,0.0,0.0,0.0,1.0,0.0,1.0,1.0,1106.0
7,9,-6.690354082690276,-6.690354082690276,0.0,0.0,0.0,0.0,0.0,1.0,0.0,0.0,0.0,0.0,9378.0
7,10,-6.530243043922133,-6.530243043922133,0.0,0.0,0.0,0.0,0.0,1.0,0.0,1.0,0.0,0.0,6017.0
7,11,-7.274453177405105,-7.274453177405105,0.0,0.0,0.0,0.0,0.0,1.0,0.0,0.0,0.0,0.0,9211.0
7,12,-7.29944292623131,-7.29944292623131,0.0,0.0,0.0,0.0,0.0,1.0,0.0,0.0,0.0,0.0,16788.0
7,13,-5.5705726081423474,-5.5705726081423474,0.0,0.0,0.0,0.0,0.0,1.0,0.0,0.0,0.0,0.0,8989.0
7,14,-3.656512203018609,-3.656512203018609,0.0,0.0,1.0,0.0,0.0,0.0,1.0,0.0,1.0,1.0,1053.0
7,15,-7.5584303521513725,-7.558430352151373,0.0,0.0,0.0,0.0,0.0,1.0,0.0,0.0,0.0,0.0,11587.0
7,16,-3.631142209422969,-3.631142209422969,0.0,1.0,0.0,0.0,0.0,0.0,0.0,0.0,1.0,1.0,431.0
7,17,-5.446248037175823,-5.446248037175823,0.0,0.0,0.0,1.0,0.0,0.0,0.0,0.0,0.0,0.0,2259.0
7,18,-6.04147110490348,-6.04147110490348,0.0,0.0,0.0,0.0,1.0,0.0,0.0,0.0,0.0,0.0,4686.0
7,19,-4.882216907805979,-4.882216907805979,0.0,1.0,0.0,0.0,0.0,0.0,1.0,1.0,0.0,0.0,487.0
7,20,-4.891866335709582,-4.891866335709582,0.0,0.0,1.0,0.0,0.0,0.0,0.0,0.0,1.0,1.0,1371.0
8,1,-4.144601120731421,-4.144601120731421,0.0,0.0,0.0,0.0,0.0,1.0,0.0,0.0,0.0,0.0,6907.0
8,2,-3.569457081771295,-3.5694570817712945,0.0,0.0,0.0,0.0,0.0,1.0,0.0,0.0,0.0,0.0,9138.0
8,3,-2.883986278644834,-2.883986278644834,0.0,0.0,1.0,0.0,0.0,0.0,0.0,0.0,1.0,1.0,1184.0
8,4,-5.653460954976424,-5.653460954976424,0.0,0.0,0.0,0.0,0.0,1.0,0.0,0.0,0.0,0.0,9878.0
8,5,-5.123640887795895,-5.123640887795895,0.0,0.0,0.0,0.0,0.0,1.0,0.0,0.0,0.0,0.0,5927.0
8,6,-5.100174635258351,-5.100174635258351,0.0,0.0,1.0,0.0,0.0,0.0,0.0,0.0,0.0,1.0,1435.0
8,7,-3.3824957441500225,-3.382495744150022,0.0,1.0,0.0,0.0,0.0,0.0,1.0,0.0,1.0,1.0,1106.0
8,8,0.0,0.0,1.0,0.0,0.0,0.0,0.0,0.0,0.0,0.0,1.0,1.0,206.0
8,9,-5.898708812828283,-5.898708812828283,0.0,0.0,0.0,0.0,0.0,1.0,0.0,0.0,0.0,0.0,9457.0
8,10,-6.611142885148546,-6.611142885148546,0.0,0.0,0.0,0.0,0.0,1.0,0.0,0.0,0.0,0.0,7099.0
8,11,-7.22381783368252,-7.22381783368252,0.0,0.0,0.0,0.0,0.0,1.0,0.0,0.0,0.0,0.0,10257.0
8,12,-7.478289386761898,-7.478289386761898,0.0,0.0,0.0,0.0,0.0,1.0,0.0,0.0,0.0,0.0,15983.0
8,13,-5.591459970433404,-5.591459970433404,0.0,0.0,0.0,0.0,0.0,1.0,0.0,0.0,0.0,0.0,8989.0
8,14,-3.865875309640977,-3.865875309640977,0.0,0.0,1.0,0.0,0.0,0.0,0.0,0.0,1.0,1.0,1366.0
8,15,-6.362549624710568,-6.362549624710568,0.0,0.0,0.0,0.0,0.0,1.0,0.0,0.0,0.0,0.0,10830.0
8,16,-3.7757697747775714,-3.7757697747775714,0.0,0.0,1.0,0.0,0.0,0.0,0.0,0.0,1.0,1.0,1298.0
8,17,-4.872172251702704,-4.872172251702704,0.0,0.0,0.0,1.0,0.0,0.0,0.0,0.0,0.0,0.0,1377.0
8,18,-5.550801399544948,-5.550801399544948,0.0,0.0,0.0,0.0,1.0,0.0,0.0,0.0,0.0,0.0,3679.0
8,19,-4.466643365849409,-4.466643365849409,0.0,1.0,0.0,0.0,0.0,0.0,1.0,1.0,0.0,0.0,684.0
8,20,-4.59886467576727,-4.59886467576727,0.0,0.0,1.0,0.0,0.0,0.0,0.0,0.0,1.0,1.0,1317.0
9,1,-3.8398713184199984,-3.839871318419999,0.0,0.0,0.0,0.0,0.0,1.0,0.0,0.0,0.0,0.0,7658.0
9,2,-3.46660493129836,-3.46660493129836,0.0,0.0,0.0,0.0,0.0,1.0,0.0,0.0,0.0,0.0,18570.0
9,3,-4.8973248195153465,-4.8973248195153465,0.0,0.0,0.0,0.0,0.0,1.0,0.0,0.0,0.0,0.0,10232.0
9,4,-5.902249522890316,-5.902249522890316,0.0,0.0,0.0,0.0,0.0,1.0,0.0,0.0,0.0,0.0,18530.0
9,5,-5.558018889280825,-5.558018889280825,0.0,0.0,0.0,0.0,0.0,1.0,0.0,0.0,0.0,0.0,14435.0
9,6,-6.324207128467412,-6.324207128467412,0.0,0.0,0.0,0.0,0.0,1.0,0.0,0.0,0.0,0.0,9473.0
9,7,-5.835850134517505,-5.835850134517505,0.0,0.0,0.0,0.0,0.0,1.0,0.0,0.0,0.0,0.0,9378.0
9,8,-5.767844507911595,-5.767844507911595,0.0,0.0,0.0,0.0,0.0,1.0,0.0,0.0,0.0,0.0,9457.0
9,9,0.0,0.0,1.0,0.0,0.0,0.0,0.0,0.0,0.0,0.0,0.0,0.0,1098.0
9,10,-6.338770225908751,-6.338770225908751,0.0,0.0,0.0,0.0,0.0,1.0,0.0,0.0,0.0,0.0,8164.0
9,11,-5.77702754414309,-5.77702754414309,0.0,0.0,0.0,0.0,0.0,1.0,0.0,0.0,0.0,0.0,7422.0
9,12,-6.806048810408309,-6.806048810408309,0.0,0.0,0.0,0.0,0.0,1.0,0.0,0.0,0.0,0.0,13105.0
9,13,-5.900718861274046,-5.900718861274046,0.0,0.0,0.0,0.0,0.0,1.0,0.0,0.0,0.0,0.0,18338.0
9,14,-6.198434702182409,-6.198434702182409,0.0,0.0,0.0,0.0,0.0,1.0,0.0,0.0,0.0,0.0,8361.0
9,15,-7.097552656794983,-7.097552656794983,0.0,0.0,0.0,0.0,0.0,1.0,0.0,0.0,0.0,0.0,15642.0
9,16,-6.3127470063028674,-6.3127470063028674,0.0,0.0,0.0,0.0,0.0,1.0,0.0,0.0,0.0,0.0,9782.0
9,17,-7.625029058687388,-7.625029058687388,0.0,0.0,0.0,0.0,0.0,1.0,0.0,0.0,0.0,0.0,10569.0
9,18,-6.212877319749273,-6.212877319749273,0.0,0.0,0.0,0.0,0.0,1.0,0.0,0.0,0.0,0.0,11390.0
9,19,-6.361534453033247,-6.361534453033247,0.0,0.0,0.0,0.0,0.0,1.0,0.0,0.0,0.0,0.0,9597.0
9,20,-7.632471541765751,-7.632471541765751,0.0,0.0,0.0,0.0,0.0,1.0,0.0,0.0,0.0,0.0,10641.0
10,1,-1.6560137688150522,-1.6560137688150522,0.0,0.0,1.0,0.0,0.0,0.0,1.0,1.0,0.0,0.0,556.0
10,2,-3.2409315714847784,-3.2409315714847784,0.0,0.0,0.0,0.0,0.0,1.0,0.0,0.0,0.0,0.0,11441.0
10,3,-4.69664898104155,-4.69664898104155,0.0,0.0,0.0,0.0,0.0,1.0,0.0,0.0,0.0,0.0,6493.0
10,4,-4.765776190196215,-4.765776190196215,0.0,0.0,0.0,0.0,0.0,1.0,0.0,0.0,0.0,0.0,10367.0
10,5,-5.797708334117295,-5.797708334117296,0.0,0.0,0.0,0.0,0.0,1.0,0.0,1.0,0.0,0.0,11646.0
10,6,-5.364878885462244,-5.364878885462245,0.0,0.0,0.0,0.0,1.0,0.0,0.0,1.0,0.0,0.0,5728.0
10,7,-5.729661012692566,-5.729661012692567,0.0,0.0,0.0,0.0,0.0,1.0,0.0,1.0,0.0,0.0,6017.0
10,8,-5.407127763071659,-5.40712776307166,0.0,0.0,0.0,0.0,0.0,1.0,0.0,0.0,0.0,0.0,7099.0
10,9,-5.576776625390047,-5.576776625390048,0.0,0.0,0.0,0.0,0.0,1.0,0.0,0.0,0.0,0.0,8164.0
10,10,0.0,0.0,1.0,0.0,0.0,0.0,0.0,0.0,0.0,0.0,0.0,0.0,1189.0
10,11,-3.864086017122074,-3.8640860171220734,0.0,0.0,0.0,0.0,1.0,0.0,0.0,0.0,0.0,0.0,3260.0
10,12,-6.4756873403406825,-6.4756873403406825,0.0,0.0,0.0,0.0,0.0,1.0,0.0,1.0,0.0,0.0,16263.0
10,13,-5.046228402514873,-5.046228402514874,0.0,0.0,0.0,0.0,0.0,1.0,0.0,0.0,0.0,0.0,10620.0
10,14,-6.399104726374274,-6.399104726374274,0.0,0.0,0.0,0.0,0.0,1.0,0.0,0.0,0.0,0.0,6052.0
10,15,-6.697050286231842,-6.697050286231843,0.0,0.0,0.0,0.0,0.0,1.0,0.0,0.0,0.0,0.0,15806.0
10,16,-6.100812592209387,-6.100812592209387,0.0,0.0,0.0,0.0,0.0,1.0,0.0,0.0,0.0,0.0,5997.0
10,17,-6.836948952300148,-6.836948952300148,0.0,0.0,0.0,0.0,0.0,1.0,0.0,0.0,0.0,0.0,8211.0
10,18,-6.896516637106924,-6.896516637106924,0.0,0.0,0.0,0.0,0.0,1.0,0.0,0.0,0.0,0.0,10657.0
10,19,-5.829143942271703,-5.829143942271703,0.0,0.0,0.0,0.0,0.0,1.0,0.0,1.0,0.0,0.0,6497.0
10,20,-6.591220996511712,-6.591220996511712,0.0,0.0,0.0,0.0,0.0,1.0,0.0,0.0,0.0,0.0,6939.0
11,1,-1.402498397193115,-1.4024983971931153,0.0,0.0,0.0,1.0,0.0,0.0,1.0,0.0,0.0,0.0,3359.0
11,2,-2.5997964276776617,-2.5997964276776617,0.0,0.0,0.0,0.0,0.0,1.0,0.0,0.0,0.0,0.0,12928.0
11,3,-4.072316558349396,-4.072316558349396,0.0,0.0,0.0,0.0,0.0,1.0,0.0,0.0,0.0,0.0,9743.0
11,4,-4.4575469852399925,-4.4575469852399925,0.0,0.0,0.0,0.0,0.0,1.0,0.0,0.0,0.0,0.0,11324.0
11,5,-5.340249892639312,-5.340249892639312,0.0,0.0,0.0,0.0,0.0,1.0,0.0,0.0,0.0,0.0,14668.0
11,6,-6.387169544203965,-6.387169544203965,0.0,0.0,0.0,0.0,0.0,1.0,0.0,0.0,0.0,0.0,8943.0
11,7,-5.81115592893677,-5.81115592893677,0.0,0.0,0.0,0.0,0.0,1.0,0.0,0.0,0.0,0.0,9211.0
11,8,-5.181535790076604,-5.181535790076604,0.0,0.0,0.0,0.0,0.0,1.0,0.0,0.0,0.0,0.0,10257.0
11,9,-4.941271639710205,-4.941271639710205,0.0,0.0,0.0,0.0,0.0,1.0,0.0,0.0,0.0,0.0,7422.0
11,10,-5.123231656888068,-5.123231656888068,0.0,0.0,0.0,0.0,1.0,0.0,0.0,0.0,0.0,0.0,3260.0
11,11,0.0,0.0,1.0,0.0,0.0,0.0,0.0,0.0,0.0,0.0,0.0,0.0,527.0
11,12,-7.470562356765522,-7.470562356765523,0.0,0.0,0.0,0.0,0.0,1.0,0.0,0.0,0.0,0.0,13562.0
11,13,-4.279684437915845,-4.279684437915845,0.0,0.0,0.0,0.0,0.0,1.0,0.0,0.0,0.0,0.0,12070.0
11,14,-5.284626285412919,-5.284626285412919,0.0,0.0,0.0,0.0,0.0,1.0,0.0,1.0,0.0,0.0,9078.0
11,15,-6.250756485315194,-6.250756485315194,0.0,0.0,0.0,0.0,0.0,1.0,0.0,0.0,0.0,0.0,16859.0
11,16,-6.210082857248071,-6.210082857248071,0.0,0.0,0.0,0.0,0.0,1.0,0.0,0.0,0.0,0.0,9230.0
11,17,-6.875460390663532,-6.875460390663532,0.0,0.0,0.0,0.0,0.0,1.0,0.0,0.0,0.0,0.0,11444.0
11,18,-9.82501041343454,-9.82501041343454,0.0,0.0,0.0,0.0,0.0,1.0,0.0,0.0,0.0,0.0,13890.0
11,19,-6.294838357115687,-6.294838357115687,0.0,0.0,0.0,0.0,0.0,1.0,0.0,0.0,0.0,0.0,9698.0
11,20,-6.033412676802274,-6.033412676802274,0.0,0.0,0.0,0.0,0.0,1.0,0.0,0.0,0.0,0.0,10197.0
12,1,-3.7536527846102574,-3.753652784610258,0.0,0.0,0.0,0.0,0.0,1.0,0.0,1.0,0.0,0.0,16672.0
12,2,-2.9351708758070982,-2.9351708758070982,0.0,0.0,0.0,0.0,0.0,1.0,0.0,0.0,0.0,0.0,8024.0
12,3,-4.671069608239311,-4.671069608239311,0.0,0.0,0.0,0.0,0.0,1.0,0.0,0.0,0.0,0.0,15965.0
12,4,-4.334865679616186,-4.334865679616186,0.0,0.0,0.0,0.0,0.0,1.0,0.0,0.0,0.0,0.0,8156.0
12,5,-5.122827487963288,-5.1228274879632885,0.0,0.0,0.0,0.0,0.0,1.0,0.0,1.0,0.0,0.0,10192.0
12,6,-5.476082982181017,-5.476082982181017,0.0,0.0,0.0,0.0,0.0,1.0,0.0,1.0,0.0,0.0,16898.0
12,7,-5.711520116614108,-5.711520116614109,0.0,0.0,0.0,0.0,0.0,1.0,0.0,0.0,0.0,0.0,16788.0
12,8,-5.4457594599523445,-5.445759459952345,0.0,0.0,0.0,0.0,0.0,1.0,0.0,0.0,0.0,0.0,15983.0
12,9,-7.436427288428768,-7.436427288428769,0.0,0.0,0.0,0.0,0.0,1.0,0.0,0.0,0.0,0.0,13105.0
12,10,-6.292314652321503,-6.292314652321503,0.0,0.0,0.0,0.0,0.0,1.0,0.0,1.0,0.0,0.0,16263.0
12,11,-6.347586565423966,-6.347586565423967,0.0,0.0,0.0,0.0,0.0,1.0,0.0,0.0,0.0,0.0,13562.0
12,12,0.0,0.0,1.0,0.0,0.0,0.0,0.0,0.0,0.0,0.0,0.0,0.0,1046.0
12,13,-4.315019561962309,-4.315019561962309,0.0,0.0,0.0,0.0,0.0,1.0,0.0,0.0,0.0,0.0,8549.0
12,14,-6.416985897112827,-6.416985897112827,0.0,0.0,0.0,0.0,0.0,1.0,0.0,0.0,0.0,0.0,17312.0
12,15,-5.879192659206127,-5.879192659206128,0.0,0.0,0.0,0.0,1.0,0.0,0.0,0.0,0.0,0.0,5202.0
12,16,-6.281697807719152,-6.281697807719153,0.0,0.0,0.0,0.0,0.0,1.0,0.0,0.0,0.0,0.0,16541.0
12,17,-7.203957782624076,-7.203957782624077,0.0,0.0,0.0,0.0,0.0,1.0,0.0,0.0,0.0,0.0,14625.0
12,18,-7.357737103579023,-7.357737103579023,0.0,0.0,0.0,0.0,0.0,1.0,0.0,0.0,0.0,0.0,12342.0
12,19,-6.1722056516862205,-6.172205651686221,0.0,0.0,0.0,0.0,0.0,1.0,0.0,0.0,0.0,0.0,16344.0
12,20,-6.942915461189867,-6.942915461189868,0.0,0.0,0.0,0.0,0.0,1.0,0.0,0.0,0.0,0.0,15448.0
13,1,-2.8785580432306244,-2.8785580432306244,0.0,0.0,0.0,0.0,0.0,1.0,0.0,0.0,0.0,0.0,11077.0
13,2,-2.003812166894443,-2.003812166894443,0.0,0.0,1.0,0.0,0.0,0.0,0.0,0.0,0.0,0.0,867.0
13,3,-3.91147574612867,-3.91147574612867,0.0,0.0,0.0,0.0,0.0,1.0,0.0,0.0,0.0,0.0,8147.0
13,4,-3.2404986040848205,-3.24049860408482,0.0,0.0,1.0,0.0,0.0,0.0,0.0,0.0,0.0,0.0,1155.0
13,5,-5.1568904922660135,-5.1568904922660135,0.0,0.0,0.0,0.0,1.0,0.0,0.0,0.0,0.0,0.0,4692.0
13,6,-5.197896640983222,-5.197896640983222,0.0,0.0,0.0,0.0,0.0,1.0,0.0,0.0,0.0,0.0,8880.0
13,7,-5.141624557676098,-5.141624557676098,0.0,0.0,0.0,0.0,0.0,1.0,0.0,0.0,0.0,0.0,8989.0
13,8,-5.027673565776583,-5.027673565776583,0.0,0.0,0.0,0.0,0.0,1.0,0.0,0.0,0.0,0.0,8989.0
13,9,-5.264855949228012,-5.264855949228012,0.0,0.0,0.0,0.0,0.0,1.0,0.0,0.0,0.0,0.0,18338.0
13,10,-5.366582974295147,-5.366582974295147,0.0,0.0,0.0,0.0,0.0,1.0,0.0,0.0,0.0,0.0,10620.0
13,11,-6.626251379309061,-6.626251379309061,0.0,0.0,0.0,0.0,0.0,1.0,0.0,0.0,0.0,0.0,12070.0
13,12,-3.9551668101755215,-3.9551668101755215,0.0,0.0,0.0,0.0,0.0,1.0,0.0,0.0,0.0,0.0,8549.0
13,13,0.0,0.0,1.0,0.0,0.0,0.0,0.0,0.0,0.0,0.0,0.0,0.0,119.0
13,14,-6.343294531115299,-6.343294531115299,0.0,0.0,0.0,0.0,0.0,1.0,0.0,0.0,0.0,0.0,10018.0
13,15,-4.6626249227033245,-4.6626249227033245,0.0,0.0,0.0,0.0,1.0,0.0,0.0,0.0,0.0,0.0,5278.0
13,16,-4.67017698464177,-4.67017698464177,0.0,0.0,0.0,0.0,0.0,1.0,0.0,0.0,0.0,0.0,8578.0
13,17,-6.987059727327138,-6.987059727327138,0.0,0.0,0.0,0.0,0.0,1.0,0.0,0.0,0.0,0.0,7974.0
13,18,-6.837386650846647,-6.837386650846647,0.0,0.0,0.0,0.0,0.0,1.0,0.0,0.0,0.0,0.0,7563.0
13,19,-5.722618011700123,-5.722618011700123,0.0,0.0,0.0,0.0,0.0,1.0,0.0,0.0,0.0,0.0,8796.0
13,20,-20.81036015730048,-20.81036015730048,0.0,0.0,0.0,0.0,0.0,1.0,0.0,0.0,0.0,0.0,7760.0
14,1,-3.7710485379487473,-3.7710485379487473,0.0,0.0,0.0,0.0,0.0,1.0,0.0,0.0,0.0,0.0,5782.0
14,2,-3.283369558338277,-3.2833695583382765,0.0,0.0,0.0,0.0,0.0,1.0,0.0,0.0,0.0,0.0,10277.0
14,3,-3.100240809982801,-3.100240809982801,0.0,0.0,1.0,0.0,0.0,0.0,0.0,0.0,1.0,1.0,1872.0
14,4,-5.603963604127567,-5.603963604127567,0.0,0.0,0.0,0.0,0.0,1.0,0.0,0.0,0.0,0.0,10786.0
14,5,-5.411250425968362,-5.411250425968362,0.0,0.0,0.0,0.0,0.0,1.0,0.0,0.0,0.0,0.0,7286.0
14,6,-4.617984549055603,-4.617984549055603,0.0,0.0,1.0,0.0,0.0,0.0,0.0,0.0,0.0,1.0,1263.0
14,7,-3.253350060621719,-3.2533500606217185,0.0,0.0,1.0,0.0,0.0,0.0,1.0,0.0,1.0,1.0,1053.0
14,8,-3.584042856203958,-3.5840428562039577,0.0,0.0,1.0,0.0,0.0,0.0,0.0,0.0,1.0,1.0,1366.0
14,9,-5.027711668203711,-5.027711668203711,0.0,0.0,0.0,0.0,0.0,1.0,0.0,0.0,0.0,0.0,8361.0
14,10,-6.066689005302399,-6.066689005302399,0.0,0.0,0.0,0.0,0.0,1.0,0.0,0.0,0.0,0.0,6052.0
14,11,-5.316757462115958,-5.316757462115958,0.0,0.0,0.0,0.0,0.0,1.0,0.0,1.0,0.0,0.0,9078.0
14,12,-7.208466361356634,-7.208466361356634,0.0,0.0,0.0,0.0,0.0,1.0,0.0,0.0,0.0,0.0,17312.0
14,13,-5.717373261920528,-5.717373261920528,0.0,0.0,0.0,0.0,0.0,1.0,0.0,0.0,0.0,0.0,10018.0
14,14,0.0,0.0,1.0,0.0,0.0,0.0,0.0,0.0,0.0,0.0,1.0,1.0,268.0
14,15,-6.0601591522799625,-6.0601591522799625,0.0,0.0,0.0,0.0,0.0,1.0,0.0,0.0,0.0,0.0,12194.0
14,16,-4.021991186795844,-4.021991186795844,0.0,0.0,1.0,0.0,0.0,0.0,0.0,0.0,1.0,1.0,1482.0
14,17,-4.817075926758247,-4.817075926758247,0.0,0.0,0.0,1.0,0.0,0.0,0.0,0.0,0.0,0.0,2744.0
14,18,-5.784931335910124,-5.784931335910124,0.0,0.0,0.0,0.0,1.0,0.0,0.0,0.0,0.0,0.0,4970.0
14,19,-5.059521726645428,-5.059521726645428,0.0,0.0,1.0,0.0,0.0,0.0,0.0,0.0,0.0,0.0,1245.0
14,20,-4.901230959113122,-4.901230959113122,0.0,0.0,0.0,1.0,0.0,0.0,0.0,0.0,1.0,1.0,2294.0
15,1,-4.625770307638524,-4.625770307638524,0.0,0.0,0.0,0.0,0.0,1.0,0.0,0.0,0.0,0.0,16181.0
15,2,-2.860645457930276,-2.860645457930276,0.0,0.0,0.0,0.0,1.0,0.0,0.0,0.0,0.0,0.0,4425.0
15,3,-5.583691208530361,-5.583691208530361,0.0,0.0,0.0,0.0,0.0,1.0,0.0,0.0,0.0,0.0,10785.0
15,4,-4.27020505878979,-4.27020505878979,0.0,0.0,0.0,0.0,1.0,0.0,0.0,0.0,0.0,0.0,5772.0
15,5,-4.912201100667888,-4.912201100667888,0.0,0.0,0.0,0.0,1.0,0.0,0.0,0.0,0.0,0.0,4999.0
15,6,-6.907850867012605,-6.907850867012605,0.0,0.0,0.0,0.0,0.0,1.0,0.0,0.0,0.0,0.0,11719.0
15,7,-6.625277324031689,-6.625277324031689,0.0,0.0,0.0,0.0,0.0,1.0,0.0,0.0,0.0,0.0,11587.0
15,8,-6.458818132315961,-6.458818132315961,0.0,0.0,0.0,0.0,0.0,1.0,0.0,0.0,0.0,0.0,10830.0
15,9,-5.52251108743368,-5.52251108743368,0.0,0.0,0.0,0.0,0.0,1.0,0.0,0.0,0.0,0.0,15642.0
15,10,-6.378677137726217,-6.378677137726217,0.0,0.0,0.0,0.0,0.0,1.0,0.0,0.0,0.0,0.0,15806.0
15,11,-7.996352810471843,-7.996352810471843,0.0,0.0,0.0,0.0,0.0,1.0,0.0,0.0,0.0,0.0,16859.0
15,12,-4.790564465530805,-4.790564465530805,0.0,0.0,0.0,0.0,1.0,0.0,0.0,0.0,0.0,0.0,5202.0
15,13,-4.640545658386347,-4.640545658386347,0.0,0.0,0.0,0.0,1.0,0.0,0.0,0.0,0.0,0.0,5278.0
15,14,-7.519587808406597,-7.519587808406597,0.0,0.0,0.0,0.0,0.0,1.0,0.0,0.0,0.0,0.0,12194.0
15,15,0.0,0.0,1.0,0.0,0.0,0.0,0.0,0.0,0.0,0.0,0.0,0.0,520.0
15,16,-7.015855525910334,-7.015855525910334,0.0,0.0,0.0,0.0,0.0,1.0,0.0,0.0,0.0,0.0,11364.0
15,17,-7.612868236956393,-7.612868236956394,0.0,0.0,0.0,0.0,0.0,1.0,0.0,0.0,0.0,0.0,9454.0
15,18,-5.584950980850606,-5.584950980850606,0.0,0.0,0.0,0.0,0.0,1.0,0.0,0.0,0.0,0.0,7353.0
15,19,-7.393850166048363,-7.393850166048363,0.0,0.0,0.0,0.0,0.0,1.0,0.0,0.0,0.0,0.0,11143.0
15,20,-8.485999341645066,-8.485999341645066,0.0,0.0,0.0,0.0,0.0,1.0,0.0,0.0,0.0,0.0,10266.0
16,1,-1.9878350044480195,-1.9878350044480195,0.0,0.0,0.0,0.0,0.0,1.0,0.0,0.0,0.0,0.0,5877.0
16,2,-1.9338682159649092,-1.9338682159649097,0.0,0.0,0.0,0.0,0.0,1.0,0.0,0.0,0.0,0.0,8894.0
16,3,-1.6207238765701335,-1.6207238765701335,1.0,0.0,0.0,0.0,0.0,0.0,1.0,0.0,1.0,1.0,579.0
16,4,-3.802764034394138,-3.802764034394138,0.0,0.0,0.0,0.0,0.0,1.0,0.0,0.0,0.0,0.0,9311.0
16,5,-3.161264572849003,-3.161264572849003,0.0,0.0,0.0,0.0,0.0,1.0,0.0,0.0,0.0,0.0,6366.0
16,6,-2.6885213374011285,-2.688521337401128,0.0,1.0,0.0,0.0,0.0,0.0,0.0,0.0,0.0,1.0,358.0
16,7,-3.098950894501736,-3.098950894501736,0.0,1.0,0.0,0.0,0.0,0.0,0.0,0.0,1.0,1.0,431.0
16,8,-3.301241318378332,-3.301241318378332,0.0,0.0,1.0,0.0,0.0,0.0,0.0,0.0,1.0,1.0,1298.0
16,9,-3.799891314763155,-3.799891314763155,0.0,0.0,0.0,0.0,0.0,1.0,0.0,0.0,0.0,0.0,9782.0
16,10,-4.567989536080225,-4.567989536080225,0.0,0.0,0.0,0.0,0.0,1.0,0.0,0.0,0.0,0.0,5997.0
16,11,-5.694421541326976,-5.694421541326976,0.0,0.0,0.0,0.0,0.0,1.0,0.0,0.0,0.0,0.0,9230.0
16,12,-4.86992402843709,-4.86992402843709,0.0,0.0,0.0,0.0,0.0,1.0,0.0,0.0,0.0,0.0,16541.0
16,13,-4.635027014371024,-4.635027014371024,0.0,0.0,0.0,0.0,0.0,1.0,0.0,0.0,0.0,0.0,8578.0
16,14,-3.755432649912613,-3.755432649912613,0.0,0.0,1.0,0.0,0.0,0.0,0.0,0.0,1.0,1.0,1482.0
16,15,-4.994763636390386,-4.994763636390386,0.0,0.0,0.0,0.0,0.0,1.0,0.0,0.0,0.0,0.0,11364.0
16,16,0.0,0.0,1.0,0.0,0.0,0.0,0.0,0.0,0.0,0.0,1.0,1.0,77.0
16,17,-4.234099036421606,-4.234099036421606,0.0,0.0,0.0,1.0,0.0,0.0,0.0,0.0,0.0,0.0,2215.0
16,18,-4.874621166964604,-4.874621166964604,0.0,0.0,0.0,0.0,1.0,0.0,0.0,0.0,0.0,0.0,4663.0
16,19,-4.372912749012193,-4.372912749012193,0.0,1.0,0.0,0.0,0.0,0.0,0.0,0.0,0.0,0.0,615.0
16,20,-3.602293140148172,-3.602293140148172,0.0,0.0,1.0,0.0,0.0,0.0,0.0,0.0,1.0,1.0,1098.0
17,1,-4.07689096687935,-4.07689096687935,0.0,0.0,0.0,0.0,0.0,1.0,0.0,0.0,0.0,0.0,8087.0
17,2,-3.053536813082737,-3.053536813082737,0.0,0.0,0.0,0.0,0.0,1.0,0.0,0.0,0.0,0.0,8004.0
17,3,-3.391203977101932,-3.391203977101932,0.0,0.0,0.0,1.0,0.0,0.0,0.0,0.0,0.0,0.0,1738.0
17,4,-5.194456335329851,-5.194456335329851,0.0,0.0,0.0,0.0,0.0,1.0,0.0,0.0,0.0,0.0,8967.0
17,5,-4.733244340890176,-4.733244340890176,0.0,0.0,0.0,0.0,1.0,0.0,0.0,0.0,0.0,0.0,4559.0
17,6,-4.722090811147152,-4.722090811147152,0.0,0.0,0.0,1.0,0.0,0.0,0.0,0.0,0.0,0.0,2504.0
17,7,-4.316925452242758,-4.316925452242758,0.0,0.0,0.0,1.0,0.0,0.0,0.0,0.0,0.0,0.0,2259.0
17,8,-4.085392951140545,-4.085392951140545,0.0,0.0,0.0,1.0,0.0,0.0,0.0,0.0,0.0,0.0,1377.0
17,9,-5.584118055905042,-5.584118055905042,0.0,0.0,0.0,0.0,0.0,1.0,0.0,0.0,0.0,0.0,10569.0
17,10,-6.611518443266504,-6.611518443266504,0.0,0.0,0.0,0.0,0.0,1.0,0.0,0.0,0.0,0.0,8211.0
17,11,-6.61781620923295,-6.61781620923295,0.0,0.0,0.0,0.0,0.0,1.0,0.0,0.0,0.0,0.0,11444.0
17,12,-6.71189471912635,-6.71189471912635,0.0,0.0,0.0,0.0,0.0,1.0,0.0,0.0,0.0,0.0,14625.0
17,13,-4.570053472226183,-4.570053472226183,0.0,0.0,0.0,0.0,0.0,1.0,0.0,0.0,0.0,0.0,7974.0
17,14,-4.557516103284408,-4.557516103284408,0.0,0.0,0.0,1.0,0.0,0.0,0.0,0.0,0.0,0.0,2744.0
17,15,-6.131123466219437,-6.131123466219437,0.0,0.0,0.0,0.0,0.0,1.0,0.0,0.0,0.0,0.0,9454.0
17,16,-5.129643606810434,-5.129643606810434,0.0,0.0,0.0,1.0,0.0,0.0,0.0,0.0,0.0,0.0,2215.0
17,17,0.0,0.0,1.0,0.0,0.0,0.0,0.0,0.0,0.0,0.0,0.0,0.0,333.0
17,18,-5.6376455498439135,-5.6376455498439135,0.0,0.0,0.0,1.0,0.0,0.0,0.0,0.0,0.0,0.0,2448.0
17,19,-3.983813189995304,-3.983813189995304,0.0,0.0,0.0,1.0,0.0,0.0,0.0,0.0,0.0,0.0,1773.0
17,20,-5.19475664305753,-5.19475664305753,0.0,0.0,0.0,1.0,0.0,0.0,0.0,0.0,0.0,0.0,1385.0
18,1,-4.026310775767061,-4.026310775767061,0.0,0.0,0.0,0.0,0.0,1.0,0.0,0.0,0.0,0.0,10532.0
18,2,-2.9232432167004485,-2.923243216700448,0.0,0.0,0.0,0.0,0.0,1.0,0.0,0.0,0.0,0.0,7253.0
18,3,-4.403995453775867,-4.403995453775867,0.0,0.0,0.0,0.0,1.0,0.0,0.0,0.0,0.0,0.0,4169.0
18,4,-4.60874529844512,-4.60874529844512,0.0,0.0,0.0,0.0,0.0,1.0,0.0,0.0,0.0,0.0,8706.0
18,5,-4.254836080053449,-4.254836080053449,0.0,0.0,0.0,0.0,1.0,0.0,0.0,0.0,0.0,0.0,3060.0
18,6,-4.954730969520556,-4.954730969520556,0.0,0.0,0.0,0.0,1.0,0.0,0.0,0.0,0.0,0.0,4947.0
18,7,-5.1206281500986535,-5.1206281500986535,0.0,0.0,0.0,0.0,1.0,0.0,0.0,0.0,0.0,0.0,4686.0
18,8,-5.005271710085446,-5.005271710085446,0.0,0.0,0.0,0.0,1.0,0.0,0.0,0.0,0.0,0.0,3679.0
18,9,-5.1800456824094825,-5.1800456824094825,0.0,0.0,0.0,0.0,0.0,1.0,0.0,0.0,0.0,0.0,11390.0
18,10,-6.160614541239879,-6.160614541239879,0.0,0.0,0.0,0.0,0.0,1.0,0.0,0.0,0.0,0.0,10657.0
18,11,-6.280905797088637,-6.280905797088637,0.0,0.0,0.0,0.0,0.0,1.0,0.0,0.0,0.0,0.0,13890.0
18,12,-6.646397660048874,-6.646397660048874,0.0,0.0,0.0,0.0,0.0,1.0,0.0,0.0,0.0,0.0,12342.0
18,13,-4.9423920471190845,-4.9423920471190845,0.0,0.0,0.0,0.0,0.0,1.0,0.0,0.0,0.0,0.0,7563.0
18,14,-5.59804858776495,-5.59804858776495,0.0,0.0,0.0,0.0,1.0,0.0,0.0,0.0,0.0,0.0,4970.0
18,15,-5.612928605484437,-5.612928605484437,0.0,0.0,0.0,0.0,0.0,1.0,0.0,0.0,0.0,0.0,7353.0
18,16,-5.406869588982005,-5.406869588982005,0.0,0.0,0.0,0.0,1.0,0.0,0.0,0.0,0.0,0.0,4663.0
18,17,-5.678465942791697,-5.678465942791697,0.0,0.0,0.0,1.0,0.0,0.0,0.0,0.0,0.0,0.0,2448.0
18,18,0.0,0.0,1.0,0.0,0.0,0.0,0.0,0.0,0.0,0.0,0.0,0.0,551.0
18,19,-4.748601703642329,-4.748601703642329,0.0,0.0,0.0,0.0,1.0,0.0,0.0,0.0,0.0,0.0,4198.0
18,20,-6.263992337966745,-6.263992337966745,0.0,0.0,0.0,0.0,1.0,0.0,0.0,0.0,0.0,0.0,3750.0
19,1,-2.7925468159208973,-2.7925468159208973,0.0,0.0,0.0,0.0,0.0,1.0,0.0,0.0,0.0,0.0,6339.0
19,2,-3.259770891914614,-3.259770891914614,0.0,0.0,0.0,0.0,0.0,1.0,0.0,0.0,0.0,0.0,9034.0
19,3,-1.9703620497791483,-1.970362049779148,0.0,1.0,0.0,0.0,0.0,0.0,1.0,1.0,0.0,0.0,674.0
19,4,-4.232663694216448,-4.232663694216447,0.0,0.0,0.0,0.0,0.0,1.0,0.0,0.0,0.0,0.0,9605.0
19,5,-5.242439013134163,-5.242439013134163,0.0,0.0,0.0,0.0,0.0,1.0,0.0,0.0,0.0,0.0,6166.0
19,6,-4.162046925175342,-4.162046925175341,0.0,0.0,1.0,0.0,0.0,0.0,0.0,0.0,0.0,0.0,777.0
19,7,-3.1615288740076504,-3.1615288740076504,0.0,1.0,0.0,0.0,0.0,0.0,1.0,1.0,0.0,0.0,487.0
19,8,-2.787508346918776,-2.787508346918776,0.0,1.0,0.0,0.0,0.0,0.0,1.0,1.0,0.0,0.0,684.0
19,9,-5.6999633615836895,-5.6999633615836895,0.0,0.0,0.0,0.0,0.0,1.0,0.0,0.0,0.0,0.0,9597.0
19,10,-4.582842666077289,-4.582842666077289,0.0,0.0,0.0,0.0,0.0,1.0,0.0,1.0,0.0,0.0,6497.0
19,11,-5.1480673915149335,-5.1480673915149335,0.0,0.0,0.0,0.0,0.0,1.0,0.0,0.0,0.0,0.0,9698.0
19,12,-4.542605957748048,-4.542605957748048,0.0,0.0,0.0,0.0,0.0,1.0,0.0,0.0,0.0,0.0,16344.0
19,13,-5.187460492811481,-5.18746049281148,0.0,0.0,0.0,0.0,0.0,1.0,0.0,0.0,0.0,0.0,8796.0
19,14,-3.958984274470706,-3.958984274470707,0.0,0.0,1.0,0.0,0.0,0.0,0.0,0.0,0.0,0.0,1245.0
19,15,-5.141909468061298,-5.141909468061298,0.0,0.0,0.0,0.0,0.0,1.0,0.0,0.0,0.0,0.0,11143.0
19,16,-4.3174106663277465,-4.317410666327746,0.0,1.0,0.0,0.0,0.0,0.0,0.0,0.0,0.0,0.0,615.0
19,17,-5.330906178996887,-5.330906178996887,0.0,0.0,0.0,1.0,0.0,0.0,0.0,0.0,0.0,0.0,1773.0
19,18,-6.33966265017969,-6.33966265017969,0.0,0.0,0.0,0.0,1.0,0.0,0.0,0.0,0.0,0.0,4198.0
19,19,0.0,0.0,1.0,0.0,0.0,0.0,0.0,0.0,0.0,0.0,0.0,0.0,76.0
19,20,-4.951339959676978,-4.951339959676977,0.0,0.0,1.0,0.0,0.0,0.0,0.0,0.0,0.0,0.0,1049.0
20,1,-4.013842997941811,-4.013842997941811,0.0,0.0,0.0,0.0,0.0,1.0,0.0,0.0,0.0,0.0,6872.0
20,2,-2.602834348485989,-2.602834348485989,0.0,0.0,0.0,0.0,0.0,1.0,0.0,0.0,0.0,0.0,7985.0
20,3,-1.6991574283339448,-1.6991574283339448,0.0,1.0,0.0,0.0,0.0,0.0,1.0,0.0,1.0,1.0,518.0
20,4,-4.798399600921442,-4.798399600921442,0.0,0.0,0.0,0.0,0.0,1.0,0.0,0.0,0.0,0.0,8600.0
20,5,-5.365537521305453,-5.365537521305453,0.0,0.0,0.0,0.0,0.0,1.0,0.0,0.0,0.0,0.0,5268.0
20,6,-4.121015299240591,-4.121015299240591,0.0,0.0,1.0,0.0,0.0,0.0,0.0,0.0,0.0,1.0,1453.0
20,7,-3.475171857106124,-3.4751718571061243,0.0,0.0,1.0,0.0,0.0,0.0,0.0,0.0,1.0,1.0,1371.0
20,8,-3.1642440721706966,-3.164244072170696,0.0,0.0,1.0,0.0,0.0,0.0,0.0,0.0,1.0,1.0,1317.0
20,9,-5.647883429188419,-5.647883429188419,0.0,0.0,0.0,0.0,0.0,1.0,0.0,0.0,0.0,0.0,10641.0
20,10,-6.353903871013706,-6.353903871013706,0.0,0.0,0.0,0.0,0.0,1.0,0.0,0.0,0.0,0.0,6939.0
20,11,-9.044458497427192,-9.044458497427192,0.0,0.0,0.0,0.0,0.0,1.0,0.0,0.0,0.0,0.0,10197.0
20,12,-7.110511221933256,-7.110511221933255,0.0,0.0,0.0,0.0,0.0,1.0,0.0,0.0,0.0,0.0,15448.0
20,13,-20.02348841252294,-20.02348841252294,0.0,0.0,0.0,0.0,0.0,1.0,0.0,0.0,0.0,0.0,7760.0
20,14,-3.930219881545707,-3.930219881545707,0.0,0.0,0.0,1.0,0.0,0.0,0.0,0.0,1.0,1.0,2294.0
20,15,-6.466676277839992,-6.466676277839992,0.0,0.0,0.0,0.0,0.0,1.0,0.0,0.0,0.0,0.0,10266.0
20,16,-3.1747553163294966,-3.174755316329497,0.0,0.0,1.0,0.0,0.0,0.0,0.0,0.0,1.0,1.0,1098.0
20,17,-4.440945789005354,-4.440945789005354,0.0,0.0,0.0,1.0,0.0,0.0,0.0,0.0,0.0,0.0,1385.0
20,18,-7.832472370896285,-7.832472370896285,0.0,0.0,0.0,0.0,1.0,0.0,0.0,0.0,0.0,0.0,3750.0
20,19,-5.007970662589787,-5.007970662589787,0.0,0.0,1.0,0.0,0.0,0.0,0.0,0.0,0.0,0.0,1049.0
20,20,0.0,0.0,1.0,0.0,0.0,0.0,0.0,0.0,0.0,0.0,1.0,1.0,210.0
